{"n":74,"mean_ms":143.70270270270271,"std_ms":283.79245405559448,"median_ms":10,"p90_ms":692.20000000000039,"p95_ms":874.79999999999984,"p99_ms":945.28,"min_ms":-7,"max_ms":946,"iqr_ms":29,"mad_ms":8.5,"median_error_bound_ms":2}